"Island","Year","Site","Site.Num","Acropora","Astreopora","Coscinaraea","Ctenactis","Cycloceris","Cyphastrea","Echinophyllia","Echinopora","Favia","Favities","Fungia","Gardineroseris","Goniastrea","Goniopora","Halomitra","Heliopora","Herpolitha","Hydnophora","Leptastrea","Leptoria","Leptoseris","Lobophyllia","Millipora","Montastrea","Montipora","Oulophyllia","Other.Coral","Oxypora","Pachyseris","Pavona","Pectinia","Platygyra","Pocillopora","Porites","Psammocora","Sandolitha","Symphyllia","Sytlophora","Turbinaria"
"Kanton",2009,"Crash Landing","K21",0,0,0,0,0,0,0,15.2,4.91428571428571,0.114285714285714,0.228571428571429,0,0,0,0,0,0,2.51428571428571,0,0,0.114285714285714,0,0,0,8.91428571428571,0,0,0,0,0.685714285714286,0,0.914285714285714,1.6,3.54285714285714,0,0,0,0,0
"Kanton",2009,"Oasis","K24",0,0,0,0,0,0,0,4,2.97435897435897,0.41025641025641,0.717948717948718,0,0,0,0.205128205128205,0,0,3.48717948717949,0.41025641025641,0,0,0,0,0,1.02564102564103,0,0,0,0,2.05128205128205,0,1.33333333333333,1.64102564102564,2.35897435897436,0.102564102564103,0,0,0,0
"Kanton",2009,"Satellite Beach","K22",0,0,0,0,0,0,0,1.08108108108108,14.2702702702703,1.2972972972973,0.540540540540541,0.216216216216216,0,0,0,0,0,2.16216216216216,2.05405405405405,0,0.216216216216216,0.864864864864865,0,0,2.81081081081081,0,0,0,0,3.24324324324324,0,0.972972972972973,0.972972972972973,4.21621621621622,0,0.216216216216216,0,0,0
"Kanton",2009,"Six Sticks","K20",0,0,0,0,0,0,0,3.6,3.4,0.8,0.4,0,0,0,0,0,0,2.4,0.1,0,0.4,0,0,0,5.2,0,0,0,0,0.2,0,1,0.2,0.5,0.1,0,0,0,0
"Kanton",2009,"Steep To","K25",0,0,0,0,0,0,0,3.13513513513514,2.81081081081081,0,0.540540540540541,0,0,0,0.324324324324324,0,0,2.05405405405405,0.432432432432432,0,0.216216216216216,0,0,0,1.08108108108108,0,0,0,0,1.94594594594595,0,0,0,4.54054054054054,0.108108108108108,0.108108108108108,0,0,0
"Kanton",2009,"Weird Eddie","K19",0,0,0,0,0,0,0,2.8,0.3,0.1,0.1,0.1,0,0,0,0,0,0.1,0,0,0,0,0,0,0,0,0,0,0,0,0,0,0.3,0,0,0,0,0,0
"Kanton",2012,"British Gas","K17",0.1,0,0,0,0,0,0,6.3,0.05,0,0.05,0,0,0,0,0,0.1,0,0,0,0,0,0,0.15,0,0,0,0,0,0.2,0,0,0.15,0,0,0,0,0,0
"Kanton",2012,"Coral Castles","K11",39.85,0,0,0,0,0,0,0,0,0,0,0,0.45,0,0,0,0,0,0,0,0,0,0,0,0,0,0,0,0,0,0,0,0.15,0,0,0,0,0,0
"Kanton",2012,"Crash Landing","K21",0,0.1,0,0,0,0,0,2.85,1.6,1.85,0.35,0,0,0,0,0,0,0,1.3,0,0.05,0,0,0.05,23.75,0,0,0,0,8.25,0,0,5.4,2.5,0.2,0,0,0,0
"Kanton",2012,"Satellite Beach","K22",0,0.0571428571428571,0.0285714285714286,0,0,0,0,15.6857142857143,7.65714285714286,0.342857142857143,1.48571428571429,0,0,0,0,0,0.0857142857142857,4.28571428571429,0.2,0,0.228571428571429,0.314285714285714,0,0.0857142857142857,4,0,0,0,0,2.05714285714286,0,0.314285714285714,0.771428571428571,1.85714285714286,0.0857142857142857,0,0,0,0
"Kanton",2012,"Six Sticks","K20",0,0,0,0,0,0,0,9.31707317073171,0.292682926829268,1.70731707317073,0,0,0,0,0,0,0,4.8780487804878,3.26829268292683,0.24390243902439,0,0,0,0.24390243902439,2.29268292682927,0,0,0,0,2.82926829268293,0,0.0487804878048781,0.0487804878048781,11.5609756097561,0.780487804878049,0,0,0,0
"Kanton",2012,"Steep To","K25",9.9,0.05,0,0,0,0,0,2.8,9.15,0.85,0.1,0,0,0,0,0,0,2.35,0.45,0.45,0.2,0,0,1.1,3.65,0,0,0,0,3.75,0,0.55,0.05,3.5,0,0,0,0,0
"Kanton",2012,"Weird Eddie","K19",0.2,0,0,0,0,0,0,12.1333333333333,2.26666666666667,0.466666666666667,0.333333333333333,0.0666666666666667,0,0,0,0,0,17.8666666666667,0.866666666666667,0,0,0,0,0,0.4,0,0,0,0,0.333333333333333,0,0,0.133333333333333,0,0,0,0,0,0
"Kanton",2015,"British Gas","K17",10,0,0,0,0,0,0,1.48571428571429,0.171428571428571,0,0.228571428571429,0,0.171428571428571,0,0.8,0,0,0,0.0571428571428571,0,0,0,0,0,0.971428571428571,0,0,0,0,0.228571428571429,0,0,1.08571428571429,1.31428571428571,0.0571428571428571,0,0,0.0571428571428571,0
"Kanton",2015,"Coral Castles","K11",43.05,0,0,0,0,0,0,0,0,0,0,0,0,0,0,0,0,0,0,0,0,0,0,0,0,0,0,0,0,0,0,0,0.1,0,0,0,0,0,0
"Kanton",2015,"Crash Landing","K21",0.05,0,0,0,0,0,0,0.15,0.75,0.7,0,0,0,0,0,0,0,0,0.45,0,0,0,0,0,31.15,0,0,0,0.05,14.4,0,0.1,4.45,4.75,0,0,0,0,0
"Kanton",2015,"Glass Bowl","K29",31.45,0,0,0,0,0,0,0,0,0,0,0,0,0,0,0,0,0,0,0,0,0,0,0,0,0,0,0,0,0.05,0,0,8.6,0,0,0,0,0,0
"Kanton",2015,"Guano Alley","K15",44,0,0,0,0,0,0,1,0,0,0.05,0,0,0,0,0,0,0,0,0,0,0,0,0,0.1,0,0,0,0,0,0,0,2.25,0,0,0,0,0,0
"Kanton",2015,"Oasis","K24",5.55,0,0,0,0,0.45,0.45,6.45,16.4,1.1,0.2,0,0.65,0,0.35,0,0,6.2,1.85,0,0.05,0.05,0,0.05,17.95,0,0,0,0,3.15,0.05,0.65,3.55,3.95,0,0,0,0,0
"Kanton",2015,"Outta Gas","K",29.9487179487179,0,0,0,0,0.153846153846154,0,12.6153846153846,5.38461538461539,0.153846153846154,0,0,0.0512820512820513,0,0,0,0,0.256410256410256,0,0,0,0,0,0,0.615384615384615,0,0,0,0,2,0,1.74358974358974,0.307692307692308,0.102564102564103,0,0,0,0,0
"Kanton",2015,"President Taylor","K18",2.7,0,0,0,0,0,0,0,0,0,0,0,0,0,0,0,0,0,0,0,0,0,0,0,0.65,0,0,0,0,0.25,0,0,0.6,1.2,0,0,0,0.1,0
"Kanton",2015,"Satellite Beach","K22",0.129032258064516,0,0,0,0,0.387096774193548,0.0967741935483871,6.87096774193548,8.03225806451613,0,0.774193548387097,0,0,0,0.709677419354839,0,0.032258064516129,4.2258064516129,1.19354838709677,0,0,0.193548387096774,0,0.161290322580645,2.35483870967742,0,0,0,0,4.09677419354839,0,1.25806451612903,1.45161290322581,3.16129032258065,0,0,0,0,0
"Kanton",2015,"Six Sticks","K20",3.05,0,0,0,0,0,0,4.3,2.15,0.2,0.05,0,0,0,0,0,0,5.9,1.3,0,0.05,0,0,0,12.1,0,0,0,0,2.1,0,0.15,1.25,11.9,0,0,0,0,0
"Kanton",2015,"South Beach","K28",0.95,0,0,0,0,0,0,0,1.4,0.05,0,0,0,0,0,0,0,0,0,0,0.05,0,0,0,2.45,0,0,0,0,2.05,0,0,1.95,0.7,0.15,0,0,0,0
"Kanton",2015,"Steep To","K25",4.6,0,0,0,0,0,0,3,3.3,1.05,0.1,0,0.05,0,0,0,0,0.65,1.65,0,0.1,0,0,0,10,0,0,0,0,3.15,0,0,4,0.9,0.1,0,0,0,0
"Kanton",2015,"Weird Eddie","K19",0.05,0,0,0,0,0.05,0,4.65,0.35,0,0.9,0,0,0,0.4,0,0,7,0,0,0,0,0,0,0.65,0,0,0,0,0.1,0,0,1.05,0,0.4,0,0,0,0
"Kanton",2018,"British Gas","K17",0,0,0,0,0,0,0,3.78260869565217,0.0869565217391304,0,0.130434782608696,0,0,0,0.0434782608695652,0,0,0,0,0,0,0,0,0,0,0,0,0,0,0,0,0,0,0,0,0,0,0,0
"Kanton",2018,"Coral Castles","K11",65.9583333333333,0,0,0,0,0,0,0,0,0,0,0,0,0,0,0,0,0,0,0,0,0,0,0,0,0,0,0,0,0.291666666666667,0,0,0,0,0,0,0,0,0
"Kanton",2018,"Core","SW.Corner",1.19230769230769,0,0,0,0,0,0,18.6923076923077,5.30769230769231,0.230769230769231,0,0,0.307692307692308,0,0,0,0,1.69230769230769,0.115384615384615,0,0.0384615384615385,2.34615384615385,0,0,5.69230769230769,0,0,0,0,1.5,0,1.15384615384615,2.15384615384615,0.0769230769230769,0,0,0,0,0
"Kanton",2018,"Oasis","K24",0.0769230769230769,0.0384615384615385,0,0,0,0,0,3.76923076923077,9.26923076923077,0.461538461538462,0,0,0.192307692307692,0,0,0,0,0.423076923076923,2.30769230769231,0,0.0769230769230769,0.0384615384615385,0,0,2.69230769230769,0,0,0,0,0.5,0,0.0769230769230769,0.653846153846154,2.76923076923077,0,0,0,0,0
"Kanton",2018,"President Taylor","K18",1.65384615384615,0,0,0,0,0,0,0.384615384615385,0.115384615384615,0,0,0,0,0,0,0,0,0,0.115384615384615,0,0,0,0,0,0.423076923076923,0,0,0,0,0.0384615384615385,0,0,0.0769230769230769,1.34615384615385,0,0,0,0,0
"Kanton",2018,"Satellite Beach","K22",0.307692307692308,0.0384615384615385,0,0,0,0,0,2.65384615384615,4.30769230769231,0.153846153846154,0.0384615384615385,0,0,0,0,0,0,0.0384615384615385,0.0384615384615385,0,0,0.0769230769230769,0,0,7.96153846153846,0,0,0,0,0.230769230769231,0,0.461538461538462,0.0769230769230769,0.230769230769231,0,0,0,0,0
"Kanton",2018,"Simons","Simons",10.8461538461538,0,0,0,0.0769230769230769,0.307692307692308,0,7.65384615384615,6.88461538461539,0.269230769230769,0.192307692307692,0,0.5,0,0,0,0,0.0384615384615385,1.23076923076923,0,0,0,0,0,0.538461538461538,0,0,0,0,0.346153846153846,0,0,3.34615384615385,0.0769230769230769,0.0769230769230769,0,0,0,0
"Kanton",2018,"Weird Eddie","K19",7.65384615384615,0.0769230769230769,0,0,0,0,0,1.65384615384615,0.846153846153846,0,0,0,0,0,0,0,0,9.11538461538461,0,0,0,0,0,0,0,0,0,0,0,0,0,0,0.230769230769231,3.34615384615385,0,0,0,0,0
"Nikumaroro",2009,"Electra Landing","N9",1.43589743589744,0,0,0,0,0.102564102564103,0,1.84615384615385,1.53846153846154,0,0.717948717948718,0,0,0,0.41025641025641,0,0,0,0.102564102564103,0,0,0,0,0,0.512820512820513,0,0,2.05128205128205,0,0.205128205128205,0,0,0.615384615384615,0.512820512820513,0,0.102564102564103,0,0,0
"Nikumaroro",2009,"Norwich City","N6",0,0,0,0,0,0,0,0.307692307692308,0,0,0,0,0,0,0,0,0,0,0,0,0,0,0,0,0,0,0,0,0,0,0,0,2.35897435896154,1.23076923076923,0,0,0,0,0
"Nikumaroro",2009,"SW Corner","N10",0,0,0,0,0,0,0,7.38461538461539,4.82051282051282,0,0.41025641025641,0,0.205128205128205,0,0.615384615384615,0,0,0.923076923076923,0,0,0,5.94871794871795,0,0,1.64102564102564,0,0,2.56410256410256,0,0.923076923076923,0,0,0,0.41025641025641,0.102564102564103,0,0,0,0
"Nikumaroro",2009,"Turtle Nest Beach","N8",0,0,0,0,0,0,0,0.444444444444444,7.11111111111111,0,0,0,0.333333333333333,0,0,0,0,0.111111111111111,0,0,0,0,0,0,23.8888888888889,0,0,0,0,0,0,1.33333333333333,0.555555555555556,1.33333333333333,0.222222222222222,0,0,0,0
"Nikumaroro",2009,"Windward Wing","N11",0,0,0,0,0,0,0,0,1.36842105263158,0.315789473684211,0,0,0,0,0,0,0,0,0,0,0,0,0,0,0.947368421052632,0,0,0,0,0,0,0.736842105263158,0.210526315789474,2,0,0,0,0,0
"Nikumaroro",2012,"Amelia Lost Causeway","N3",0,0,0,0,0,0,0,0,3.33333333333333,0.666666666666667,0.333333333333333,0,0,0,0,0,0,0,0,0,0,0,0,0,0.666666666666667,0,0,0,0,2.4,0,0,1.2,11.4666666666667,0,0,0,0,0
"Nikumaroro",2012,"Electra Landing","N9",0,0,0,0,0,0,0.0666666666666667,1.46666666666667,7.02105263156667,0.333333333333333,0.2,0,0,1.74035087733333,0,0,0,0,0,0,0.266666666666667,0,0,0,13.5614035086667,0,0,0,0,1.46666666666667,0,0,1.88421052633333,4.33333333333333,0.2,0,0,0,0
"Nikumaroro",2012,"Kandy Jar","N5",0,0,0,0,0,0,0,0,0,0,0.0666666666666667,0,0,0,0,0,0,0,0,0,0,0,0,0,0,0,0,0,0,0.0666666666666667,0,0,0.533333333333333,0,0,0,0,0,0
"Nikumaroro",2012,"Naia Point","N4",0,0,0,0,0,0,0,0,0,0,0,0,0,0,0,0,0,0,0,0,0,0,0,0,0,0,0,0,0,0,0,0,1.93333333333333,0,0,0,0,0,0
"Nikumaroro",2012,"Norwich City","N6",0,0,0,0,0,0,0,0.0666666666666667,0,0,0,0,0,0,0,0,0,0,0,0,0,0,0,0,0,0,0,0,0,0,0,0,0,0,0,0,0,0,0
"Nikumaroro",2012,"SW Corner","N10",0,0,0,0,0,0,1.16129032258065,6.38709677419355,13.5483870967742,0.32258064516129,0.580645161290323,0,0,0,0,0,0,4.45161290322581,2.45161290322581,0,0.580645161290323,0,0,0,3.16129032258065,0,0,0,0,2.51612903225806,0,0,1.48387096774194,0.32258064516129,0,0,0,0,0
"Nikumaroro",2012,"Turtle Nest Beach","N8",0,0,0,0,0,0,0,0.6,7.53333333333333,0.6,0.133333333333333,0,0,0,0,0,0,0,0,0,0,0,0,0,37.3333333333333,0.0666666666666667,0,0,0,0.266666666666667,0,0,1.6,3.46666666666667,0,0,0,0,0
"Nikumaroro",2012,"Windward Wing","N11",0,0,0,0,0,0,0,0,0.466666666666667,0,0,0,0,0,0,0,0,0,0.0666666666666667,0,0,0,0,0,1.8,0,0,0,0,0.266666666666667,0,0,1.66666666666667,38.1333333333333,0,0,0,0,0
"Nikumaroro",2015,"Amelia Lost Causeway","N3",0.307692307692308,0,0,0,0,0,0,4.35897435897436,6.15384615384615,0.512820512820513,0.205128205128205,0,0,0,0,0,0,0,3.33333333333333,0,0,0,0,0,2.87179487179487,0,0,0,0,4.25641025641026,0,0,2.97435897435897,6.25641025641026,1.38461538461538,0,0.205128205128205,0,0
"Nikumaroro",2015,"Ameriki","N7",0,0,0,0,0,0,0,0,1.05,0,0.25,0,0,0,0,0,0,0.4,0,0,0,0,0,0,16.65,0,0,0,0,0.15,0,0,0.75,0.95,0.15,0,0,0,0
"Nikumaroro",2015,"Electra Landing","N9",0.15,3.2,0.15,0,0,0,0,0.3,9.25,0.7,0.25,0,0.2,0,0,0,0,1.35,0,0,0.4,0.25,0,0,7.45,0,0,0,0,0.65,0,0,2.6,3.05,1.7,0,0,0,0
"Nikumaroro",2015,"Hydroid Hole","N15",0,0.5,0,0,0,0,1,0,10.85,0,0.2,0,0.15,0,0.1,1.45,0,1.25,0.2,0,0,0.1,0,0,16.75,0,0,0,0,0.1,0,0,1.75,13.6,0.2,0,0,0,0
"Nikumaroro",2015,"Kandy Jar","N5",0.6,0,0,0,0,0,0,0,0,0,0,0,0,0,0,0,0,0,0,0,0,0,0,0,0.15,0,0,0,0,0,0,0,0.1,3.45,0,0,0,0,0
"Nikumaroro",2015,"Naia Point","N4",0,0,0,0,0,0,0,1.35,0,0,0,0,0,0,0,0,0,0,0.05,0,0,0,0,0,0.05,0,0,0,0,0.5,0,0,1.85,0,0.05,0,0,0,0
"Nikumaroro",2015,"Nikitas Lookout","N14",0,0.25,0.15,0,0,0,0,0,2.55,0.75,0,0,0.1,0,0,0,0,0,0,0,0.1,0,0,0,22.45,0,0,0,0,1.05,0,0,2.7,16,1.25,0,0,0,0
"Nikumaroro",2015,"Norwich City","N6",0.1,0,0,0,0,0,0,0,0,0,0.2,0,0,0,0,0,0,0,0,0,0,0,0,0,0,0,0,0,0,0.15,0,0,1.4,2.05,0,0,0,0,0
"Nikumaroro",2015,"SW Corner","N10",0,5.15,0.35,0,0,0,5.05,23.25,16.4,0.45,0.1,0,0,0,0.35,0,0,2.75,0,0,0,0,0,0,2.9,0,0,0,0,0.85,0,0,2.15,1.45,1.2,0,0,0,0
"Nikumaroro",2015,"Turtle Nest Beach","N8",0,0.15,0,0.05,0,0,0,3.5,2.8,0,0.25,0,0,0,0,0,0,0,0,0,0.25,0,0,0,9.2,0,0,0,0,0.5,0,0,2.7,3.7,0.8,0,0,0,0
"Nikumaroro",2015,"Windward Wing","N11",0,0,0,0,0,0,0,0,0.3,0,0,0,0,0,0,0,0,0,0,0,0,0,0,0.25,3.95,0,0,0,0,0.35,0,0,4.8,42.55,0.15,0,0,0,0
"Nikumaroro",2018,"Amelia Lost Causeway","N3",0.769230769230769,0,0,0,0,0,0,0,0.115384615384615,0.0384615384615385,0,0,0,0,0,0,0,0,0,0,0,0,0,0,2.76923076923077,0,0,0,0,0,0,0,14.2307692307692,0.0769230769230769,0,0,0,0,0
"Nikumaroro",2018,"Kandy Jar","N5",0.153846153846154,0,0,0,0,0,0,0.0384615384615385,0,0,0,0,0,0,0,0,0,0,0.538461538461538,0,0,0,0,0,0.0384615384615385,0,0,0,0,0.0384615384615385,0,0,1.11538461538462,0,0,0,0,0,0
"Nikumaroro",2018,"Norwich City","N6",0,0,0,0,0,0,0,0,0,0,0,0,0.153846153846154,0,0,0,0,0,0,0,0,0,0,0,0,0,0,0,0,0.0384615384615385,0,0,1.65384615384615,0.230769230769231,0,0,0,0,0
"Nikumaroro",2018,"SW Corner","N10",0,0,0,0,0,0.0384615384615385,0,9.61538461538461,4.42307692307692,2.26923076923077,0.0384615384615385,0,0.269230769230769,0,0,0,0,0.230769230769231,0.0769230769230769,0,0.192307692307692,0.307692307692308,0,0,0.730769230769231,0,0,0.461538461538462,0,0.153846153846154,0,0,0.807692307692308,0.230769230769231,0,0,0,0,0.5
"Nikumaroro",2018,"Windward Wing","N11",0,0,0,0,0,0,0,0,0.115384615384615,0,0,0,0,0,0,0,0,0,0,0,0,0,0,0,2.34615384615385,0,0,0,0,0.307692307692308,0,0,5.76923076923077,19.6538461538462,0,0,0,0,0
"Orona",2009,"Aerials","O11",0,0,0,0,0,1.4,0,0.4,6.3,1.3,0.1,0,0.2,0,0,0,0,0,2.2,0,0.3,0,0,0,3.8,0,0,0,0,1.6,0,0.4,1.5,19.6,0.1,0,0,0,0
"Orona",2009,"Algae Corner","O7",0.4,0,0,0,0,0,0,0,0.2,2.3,0,0,0,0,0,0,0,0,0.1,0,0,0,0,0,0,0,0,0,0,0,0,0,2.1,1.6,0,0.1,0,0,0
"Orona",2009,"Dolphin Ledge","O8",0,0,0,0,0,0,0,5.9,1.7,0,0.3,0,0,0,0,0,0,7,0,0,0,0,0,0,0.5,0,0,0,0,0,0,0.1,0.2,0.7,0,0,0,0,0
"Orona",2009,"Far Side","O13",0,0,0,0,0,0,0,3.17948717948718,0.41025641025641,0,0,0,0,0,0,0,0,1.64102564102564,1.12820512820513,0,0.41025641025641,1.84615384615385,0,0,0.512820512820513,0,0,0,0,0.205128205128205,0,0.307692307692308,0.205128205128205,0.717948717948718,0,0,0,0,0
"Orona",2009,"Orona Lagoon 1","O1",0,0,0,0,0,5.81818181818182,0,0.181818181818182,1.63636363636364,2.54545454545455,0.545454545454545,0,10.1818181818182,0,0,0,0,0,0.727272727272727,0,0,0,0,0.727272727272727,0.181818181818182,0,0,0,0,0,0,0.181818181818182,0,0.181818181818182,0,0,0,0,0
"Orona",2009,"Orona Lagoon 3","O3",0.512820512820513,0,0,0,0,11.6923076923077,0,0.205128205128205,2.35897435897436,0.205128205128205,0.512820512820513,0.102564102564103,13.9487179487179,0,0,0,0,0,0,0,0,0,0,0.102564102564103,0,0,0,0,0,0,0,0,0,4.1025641025641,0,0,0,0,3.38461538461538
"Orona",2012,"Aerials","O11",0,0,0,0,0,0,0,0,6.48888888888889,0.311111111111111,0,0,0,0,0,0,0.311111111111111,0.533333333333333,1.42222222222222,0.933333333333333,0.888888888888889,0,0,0.622222222222222,9.02222222222222,0,0,0,0,1.11111111111111,0,0,1.77777777777778,8.62222222222222,0,0,0,0,0
"Orona",2012,"Algae Corner","O7",1.63636363636364,0,0,0,0,0,0,0,0.0727272727272727,0.0727272727272727,0,0,0,0,0,0,0.218181818181818,0,3.09090909090909,0,0.218181818181818,0,0,0,2.72727272727273,0,0,0,0,0,0,0,0.109090909090909,0.872727272727273,0,0,0,0,0
"Orona",2012,"Dolphin Ledge","O8",0,0.0689655172413793,0,0,0,0,0,14.4827586206897,1.37931034482759,0.137931034482759,0.0689655172413793,0,0,0,0,0,0,16.6896551724138,0,0,0,0,0,0,10.6206896551724,0,0,0,0,0,0,3.93103448275862,0.206896551724138,2.06896551724138,0,0,0,0,0
"Orona",2015,"Aerials","O11",0,0.05,0,0,0,0.25,1,0,7.95,0.2,0,0,0,0,0,0,0,0.7,4.9,0,0,0,0,0.25,11.25,0,0,0,0,5.6,0,0,3.5,7,0.1,0,0,0,0.2
"Orona",2015,"Algae Corner","O7",0,0,0,0,0,0,0,0,0,0,0,0,0,0,0,0,0,0,0.9,0,0,0,0,0,0.25,0,0.05,0,0,0.15,0,0,0.55,7.2,1.05,0,0,0,0
"Orona",2015,"Bolbo Corner","O18",0,0,0,0,0,0,0,0.15,1.9,0.1,0.05,0,0,0,0,0,0,0.35,0.15,0,0,0,0,0,0.95,0,0.05,0,0,0.2,0,0,0.95,3.35,0,0,0,0,0
"Orona",2015,"Dolphin Ledge","O8",0,0.0975609756097561,0,0,0,0.731707317073171,0.0487804878048781,4.53658536585366,4.04878048780488,0,0,0,0,0,0,0,0,29.9024390243902,0.146341463414634,0,0,0.0487804878048781,0,0.0975609756097561,5.85365853658537,0.0487804878048781,0,0,0,0.682926829268293,0,3.17073170731707,0.146341463414634,2.58536585365854,0,0,0,0,0
"Orona",2015,"Far Side","O13",0,1.15,0.1,0,0,0.25,0,0.85,1.35,0,0.2,0,0,0,0.85,0,0,1.05,0,0,0,0.05,0,0.15,4.7,0,0,0,0,0.25,0,0,3,0.75,0.15,0,0,0,0
"Orona",2015,"Grouper Grotto","O20",0,0.25,0,0,0,0.1,0,0,1.2,0,0,0,0,0,0,0,0,0.1,1.3,0,0,0.05,0,0.1,11.15,0,0,0,0,0.15,0,0.2,0.1,18.35,0.3,0,0,0,0
"Orona",2015,"Manta Ledge","O17",0,0.9,0,0,0,0.9,0,1.5,4.05,0.05,0.15,0,0,0,0,0,0,18.1,0,0,0,1.3,0,0,1.65,0,0,0,0,0.1,0,0.1,2,13.15,0,0,0,0.05,0
"Orona",2015,"Orona Lagoon 1","O1",2.45,5.75,0,0,0,9.4,0,4.4,3.75,0,1.05,0,37.5,0,0,0,0,0,0,0,0,0,0,0.05,0,0,0,0,0,0,0,0,0,0,0,0,0,0,0
"Orona",2015,"Softies","O16",0,0.7,0,0,0,0.9,0,2.15,0.6,0,0.05,0,0,0,0,0,0,1.4,0,0,0,0.75,0,0,2.25,0,0,0,0,0.05,0,2.9,0,10.2,0,0,0,0,0
"Orona",2015,"Windy City","O19",0.2,0,0.15,0,0,0.15,0,0.15,1.05,0,0,0,0.05,0,0.45,0,0,0,0.15,0,0,0,0,0.5,7.75,0,0,0,0,0.05,0,0,1.15,4.65,0,0,0,0,0
"Orona",2018,"Algae Corner","O7",0,0,0,0,0,0,0,0,0,0.461538461538462,0,0,0,0,0,0,0,0,0,0,0,0,0,0,0.0769230769230769,0,0,0,0,0,0,0,0.461538461538462,0.807692307692308,0,0,0,0,0
"Orona",2018,"Bolbo Corner","O18",0.0384615384615385,0,0,0,0,0.576923076923077,0,4.46153846153846,2.34615384615385,0.423076923076923,0,0,0.0769230769230769,0,0,0,0,0.384615384615385,0,0,0,0,0,0,2.42307692307692,0,0,0,0,0.0769230769230769,0,0,1.88461538461538,0.615384615384615,0,0,0,0,0
"Orona",2018,"Dolphin Ledge","O8",0.0416666666666667,1.125,0,0,0,0.166666666666667,0,12.625,3.5,0.416666666666667,0.0833333333333333,0,0.0416666666666667,0,0.125,0,0,1.20833333333333,0.0416666666666667,0,0.0833333333333333,0,0,0.208333333333333,7.45833333333333,0,0,0,0,0.0416666666666667,0,0.541666666666667,0,3.41666666666667,0,0,0,0,0
"Orona",2018,"Manta Ledge","O17",0,0.846153846153846,0,0,0,0.5,0,2.80769230769231,2.73076923076923,0.346153846153846,0.115384615384615,0,0.115384615384615,0,0,0,0,0.769230769230769,0.269230769230769,0,0.0769230769230769,0.115384615384615,0,0.0384615384615385,12.3461538461538,0,0,0,0,0.0769230769230769,0,0.692307692307692,0.192307692307692,0.5,0,0,0,0,0
"Rawaki",2009,"Clearwater","R3",0,0,0,0,0,0.222222222222222,0,1.66666666666667,6.55555555555556,0.111111111111111,0,0,0,0,0.111111111111111,0,0,0.888888888888889,0,0,0,0,0,0,67,0,0,0,0,1.11111111111111,0,0,0.333333333333333,0.333333333333333,0,0,0,0,0
"Rawaki",2009,"Deepwater","R1",0,0,0,0,0,1.17073170731707,0,0.292682926829268,13.6585365853659,0.682926829268293,0.0975609756097561,0,0,0,0,0,0,1.36585365853659,0.195121951219512,0,0.0975609756097561,0,0,0,25.8536585365854,0,0,0,0,1.85365853658537,0,0,0.48780487804878,20.390243902439,0,0,0,0,0
"Rawaki",2012,"Clearwater","R3",0,0,0,0,0,0,0,0,3.63265306122449,0,0,0,0,0,0,0,0,0.204081632653061,0.979591836734694,0,0.0408163265306122,0,0,0,14.530612244898,0,0,0,0,1.26530612244898,0,0,0,23.469387755102,0,0,0,0,0
"Rawaki",2012,"Deepwater","R1",0,0,0,0,0,0,0,0.0666666666666667,6.95555555555556,0.866666666666667,0,0,0,0,0,0,0,1.71111111111111,0,0,0.2,0,0,0.155555555555556,14.8222222222222,0,0,0,0,2.28888888888889,0,0.0222222222222222,0.288888888888889,8.48888888888889,0,0,0,0,0
"Rawaki",2012,"Stillwater","R2",0.418604651162791,0,0,0,0,0,0,1.44186046511628,9.95348837209302,0.837209302325581,0,0,0,0,0,0,0,4.18604651162791,0,0,0.0930232558139535,0,0,0,17.3023255813953,0,0,0,0,2.09302325581395,0,0,0.0930232558139535,22.2790697674419,0,0,0,0,0
"Rawaki",2015,"Clearwater","R3",0,0,0,0,0,0.35,0,0,2.55,0.05,0.05,0,0,0,0,0,0,0.25,0,0,0,0,0,0,16.25,0,0,0,0,0.1,0,0,2.05,5.8,0,0,0,0,0
"Rawaki",2015,"Deepwater","R1",0,0.25,0,0,0,0,0,0,2.3,0,0,0,0,0,0,0,0,0,0,0,0.05,0,0,0,14.15,0,0,0,0.2,1.15,0,1.45,0.85,9.55,0,0,0,0,0
"Rawaki",2015,"Farwater","R4",0,0,0.05,0,0,0,0,0,2.2,0,0,0,0,0,0,0,0,0,0,0,0,0,0,0,17.25,0,0,0,0,0,0,0,1.25,0,0,0,0,0,0
"Rawaki",2015,"Montipora Madness","R7",0,0.05,0,0,0,0,0,0,0.05,0,0,0,0,0,0,0,0,0,0,0,0,0,0,0,39.15,0,0,0,0,1.65,0,0,5.05,0.25,0,0.1,0,0,0
"Rawaki",2015,"Rawaki 3D","R5",0,0,0,0,0,0,0,0,5.65,0,0,0,0,0,0,0,0,0,2,0,0,0,0,0,2.45,0,0,0,0,0.2,0,0.05,0.9,2,0.05,0,0,0,0
"Rawaki",2015,"Stillwater","R2",0,0,0,0,0,0.2,0,0.1,4.7,0.1,0.05,0,0,0,0,0,0,0.4,0.15,0,0,0,0,0,19.65,0,0,0,0,0.65,0,0,1.2,3.55,0.15,0,0,0,0
"Rawaki",2015,"Washing Machine","R6",0.1,0.05,0,0,0,0,0,0,1.25,0,0,0,0,0,0,0,0,0,0,0,0,0,0,0,9.4,0,0,0,0,0,0,0,4.3,0,0.15,0,0,0,0
"Rawaki",2018,"Clearwater","R3",0,0,0,0,0,0.769230769230769,0,0,0.961538461538462,0.269230769230769,0,0,0.0384615384615385,0,0,0,0,0,0.0384615384615385,0,0,0,0,0,7.07692307692308,0,0,0,0,0.0769230769230769,0,0,0.0384615384615385,6.65384615384615,0,0,0,0,0
"Rawaki",2018,"Rawaki 3D","R5",0,0,0,0,0,0.115384615384615,0,0,0.5,0.846153846153846,0,0,0,0,0,0,0,0,0.192307692307692,0,0,0,0,0,5.46153846153846,0,0,0,0,0.653846153846154,0,0,0.0769230769230769,8.23076923076923,0,0,0,0,0
"Rawaki",2018,"Stillwater","R2",0,0,0,0,0,1.80769230769231,0,0.576923076923077,3.38461538461538,0.192307692307692,0,0,0,0,0,0,0,0.230769230769231,0.0769230769230769,0,0,0,0,0,1.53846153846154,0,0,0,0,0.230769230769231,0,0,0.307692307692308,16.9615384615385,0,0,0,0,0
